{
  "timestamp": 1736496889,
  "system": {
    "cpu": {
      "percent": 16.2,
      "count": 8,
      "freq": {}
    },
    "memory": {
      "total": 8589934592,
      "available": 2723758080,
      "percent": 68.3,
      "used": 4004659200,
      "free": 61751296
    },
    "disk": {
      "total": 245107195904,
      "used": 11131691008,
      "free": 157230055424,
      "percent": 6.6
    },
    "network": {
      "bytes_sent": 312727552,
      "bytes_recv": 1244626944,
      "packets_sent": 554434,
      "packets_recv": 1156522
    },
    "load": {
      "load_avg": [
        2.19677734375,
        2.79541015625,
        2.71240234375
      ]
    }
  },
  "processes": {}
}