{
  "timestamp": 1736497390,
  "system": {
    "cpu": {
      "percent": 19.3,
      "count": 8,
      "freq": {}
    },
    "memory": {
      "total": 8589934592,
      "available": 2585591808,
      "percent": 69.9,
      "used": 3922395136,
      "free": 73400320
    },
    "disk": {
      "total": 245107195904,
      "used": 11131691008,
      "free": 157102833664,
      "percent": 6.6
    },
    "network": {
      "bytes_sent": 317245440,
      "bytes_recv": 1364124672,
      "packets_sent": 571209,
      "packets_recv": 1250545
    },
    "load": {
      "load_avg": [
        3.2978515625,
        2.94970703125,
        2.7763671875
      ]
    }
  },
  "processes": {}
}