{
  "timestamp": 1736496283,
  "system": {
    "cpu": {
      "percent": 21.8,
      "count": 8,
      "freq": {}
    },
    "memory": {
      "total": 8589934592,
      "available": 2802548736,
      "percent": 67.4,
      "used": 4052729856,
      "free": 90587136
    },
    "disk": {
      "total": 245107195904,
      "used": 11131691008,
      "free": 157286785024,
      "percent": 6.6
    },
    "network": {
      "bytes_sent": 302456832,
      "bytes_recv": 1188769792,
      "packets_sent": 530417,
      "packets_recv": 1104559
    },
    "load": {
      "load_avg": [
        2.3154296875,
        2.48291015625,
        2.59033203125
      ]
    }
  },
  "processes": {}
}