{
  "timestamp": 1736496218,
  "system": {
    "cpu": {
      "percent": 19.7,
      "count": 8,
      "freq": {}
    },
    "memory": {
      "total": 8589934592,
      "available": 2776481792,
      "percent": 67.7,
      "used": 4069490688,
      "free": 102957056
    },
    "disk": {
      "total": 245107195904,
      "used": 11131691008,
      "free": 157297152000,
      "percent": 6.6
    },
    "network": {
      "bytes_sent": 301677568,
      "bytes_recv": 1183023104,
      "packets_sent": 528291,
      "packets_recv": 1099379
    },
    "load": {
      "load_avg": [
        2.30078125,
        2.52783203125,
        2.61767578125
      ]
    }
  },
  "processes": {}
}